{
  "images" : [
    {
      "filename" : "Default-2436h.png",
      "idiom" : "universal",
      "scale" : "1x"
    },
    {
      "appearances" : [
        {
          "appearance" : "luminosity",
          "value" : "dark"
        }
      ],
      "filename" : "Default-2436h 3.png",
      "idiom" : "universal",
      "scale" : "1x"
    },
    {
      "filename" : "Default-2436h 1.png",
      "idiom" : "universal",
      "scale" : "2x"
    },
    {
      "appearances" : [
        {
          "appearance" : "luminosity",
          "value" : "dark"
        }
      ],
      "filename" : "Default-2436h 4.png",
      "idiom" : "universal",
      "scale" : "2x"
    },
    {
      "filename" : "Default-2436h 2.png",
      "idiom" : "universal",
      "scale" : "3x"
    },
    {
      "appearances" : [
        {
          "appearance" : "luminosity",
          "value" : "dark"
        }
      ],
      "filename" : "Default-2436h 5.png",
      "idiom" : "universal",
      "scale" : "3x"
    }
  ],
  "info" : {
    "author" : "xcode",
    "version" : 1
  }
}
